filename,title,used_in,url
mystic-forest.jpg,Mystic Forest,"collection, photos",https://images.unsplash.com/photo-1441974231531-c6227db76b6e?auto=format&fit=crop&q=80&w=800
misty-forest-trail.jpg,Misty Forest Trail,"collection, photos",https://unsplash.com/photos/x48QL8gNYZ8/download?force=true&w=1200
majestic-peaks.jpg,Majestic Peaks,"index, collection, photos",https://images.unsplash.com/photo-1464822759023-fed622ff2c3b?auto=format&fit=crop&q=80&w=800
alpine-peak-vista.jpg,Alpine Peak Vista,"collection, photos",https://unsplash.com/photos/BzvhM_84o88/download?force=true&w=1200
ocean-breeze.jpg,Ocean Breeze,"index, collection, photos",https://images.unsplash.com/photo-1505118380757-91f5f5632de0?auto=format&fit=crop&q=80&w=800
rolling-wave-crash.jpg,Rolling Wave Crash,"collection, photos",https://unsplash.com/photos/EZSlp_sVXzM/download?force=true&w=1200
desert-landscape.jpg,Desert Landscape,"collection, photos",https://images.unsplash.com/photo-1473448912268-2022ce9509d8?auto=format&fit=crop&q=80&w=800
golden-sand-dunes.jpg,Golden Sand Dunes,"collection, photos",https://unsplash.com/photos/fZ7yYZIJcqA/download?force=true&w=1200
snowy-mountain.jpg,Snowy Mountain,"collection, photos",https://images.unsplash.com/photo-1454496522488-7a8e488e8606?auto=format&fit=crop&q=80&w=800
stormy-snow-range.jpg,Stormy Snow Range,"collection, photos",https://unsplash.com/photos/Wj5bEUHFRsc/download?force=true&w=1200
deep-ocean.jpg,Deep Ocean,"collection, photos",https://images.unsplash.com/photo-1518837695005-2083093ee35b?auto=format&fit=crop&q=80&w=800
midnight-blue-depths.jpg,Midnight Blue Depths,"collection, photos",https://unsplash.com/photos/fm1JKDItlVM/download?force=true&w=1200
loyal-companion.jpg,Loyal Companion,"collection, photos",https://images.unsplash.com/photo-1517849845537-4d257902454a?auto=format&fit=crop&q=80&w=800
monochrome-dog-portrait.jpg,Monochrome Dog Portrait,"collection, photos",https://unsplash.com/photos/JN0SUcTOig0/download?force=true&w=1200
feline-grace.jpg,Feline Grace,"collection, photos",https://images.unsplash.com/photo-1514888286974-6c03e2ca1dba?auto=format&fit=crop&q=80&w=800
curious-cat-gaze.jpg,Curious Cat Gaze,"collection, photos",https://unsplash.com/photos/z-84pucMIxg/download?force=true&w=1200
tropical-bird.jpg,Tropical Bird,"collection, photos",https://unsplash.com/photos/HdnH5zpGWso/download?force=true&w=800
toucan-branch-glow.jpg,Toucan Branch Glow,"collection, photos",https://unsplash.com/photos/OyiarS-xAyA/download?force=true&w=1200
macaw-parrot.jpg,Macaw Parrot,"collection, photos",https://unsplash.com/photos/1OEnjfQ6Okk/download?force=true&w=800
sunlit-macaw-perch.jpg,Sunlit Macaw Perch,"collection, photos",https://unsplash.com/photos/OxPix0jFaR8/download?force=true&w=1200
wild-tiger.jpg,Wild Tiger,"collection, photos",https://images.unsplash.com/photo-1549480017-d76466a4b7e8?auto=format&fit=crop&q=80&w=800
tiger-portrait-glare.jpg,Tiger Portrait Glare,"collection, photos",https://unsplash.com/photos/WZRmGdzT3hU/download?force=true&w=1200
sea-turtle.jpg,Sea Turtle,"collection, photos",https://unsplash.com/photos/-rIps_UXSV4/download?force=true&w=800
coral-reef-turtle.jpg,Coral Reef Turtle,"collection, photos",https://unsplash.com/photos/fN603qcEA7g/download?force=true&w=1200
workspace-setup.jpg,Workspace Setup,"collection, photos",https://images.unsplash.com/photo-1498050108023-c5249f4df085?auto=format&fit=crop&q=80&w=800
dual-screen-workstation.jpg,Dual Screen Workstation,"collection, photos",https://unsplash.com/photos/Hcfwew744z4/download?force=true&w=1200
mobile-devices.jpg,Mobile Devices,"collection, photos",https://images.unsplash.com/photo-1511707171634-5f897ff02aa9?auto=format&fit=crop&q=80&w=800
phone-display-closeup.jpg,Phone Display Closeup,"collection, photos",https://unsplash.com/photos/rV98Trv9mMA/download?force=true&w=1200
robotics-evolution.jpg,Robotics Evolution,"collection, photos",https://images.unsplash.com/photo-1485827404703-89b55fcc595e?auto=format&fit=crop&q=80&w=800
robotic-arm-future.jpg,Robotic Arm Future,"collection, photos",https://unsplash.com/photos/Au8NdOftMaI/download?force=true&w=1200
circuit-board.jpg,Circuit Board,"collection, photos",https://images.unsplash.com/photo-1518770660439-4636190af475?auto=format&fit=crop&q=80&w=800
motherboard-signal-lines.jpg,Motherboard Signal Lines,"collection, photos",https://unsplash.com/photos/JM-qKEd1GMI/download?force=true&w=1200
server-room.jpg,Server Room,"collection, photos",https://images.unsplash.com/photo-1550751827-4bd374c3f58b?auto=format&fit=crop&q=80&w=800
server-rack-closeup.jpg,Server Rack Closeup,"collection, photos",https://unsplash.com/photos/m_HRfLhgABo/download?force=true&w=1200
vr-headset.jpg,VR Headset,"collection, photos",https://images.unsplash.com/photo-1622979135225-d2ba269cf1ac?auto=format&fit=crop&q=80&w=800
immersive-vr-motion.jpg,Immersive VR Motion,"collection, photos",https://unsplash.com/photos/ushqi5-V5gw/download?force=true&w=1200
our-gallery-space.jpg,Our Gallery Space,"about, photos",https://images.unsplash.com/photo-1551739440-5dd934d3a94a?auto=format&fit=crop&q=80&w=800
nature-scene.jpg,Nature Scene,"index, photos",https://images.unsplash.com/photo-1518173946687-a4c8892bbd9f?auto=format&fit=crop&q=80&w=800
wildlife-scene.jpg,Wildlife Scene,"index, photos",https://images.unsplash.com/photo-1540573133985-87b6da6d54a9?auto=format&fit=crop&q=80&w=800
tech-scene.jpg,Tech Scene,"index, photos",https://images.unsplash.com/photo-1451187580459-43490279c0fa?auto=format&fit=crop&q=80&w=800
warm-desert-landscape.jpg,Warm Desert Landscape,"index, photos",https://images.unsplash.com/photo-1500530855697-b586d89ba3ee?auto=format&fit=crop&q=80&w=1200
mountain-lake.jpg,Mountain Lake,"index, photos",https://images.unsplash.com/photo-1501785888041-af3ef285b470?auto=format&fit=crop&q=80&w=900
tiger-close-up-portrait.jpg,Tiger Close-up Portrait,"index, photos",https://images.unsplash.com/photo-1511497584788-876760111969?auto=format&fit=crop&q=80&w=900
city-lights-reflection.jpg,City Lights Reflection,"index, photos",https://images.unsplash.com/photo-1493246507139-91e8fad9978e?auto=format&fit=crop&q=80&w=900
